"","stratum","term","df","sumsq","meansq","statistic","p.value","etasq","partial.etasq","omegasq","partial.omegasq","epsilonsq","cohens.f","power"
"1","Participant","Residuals",52,3.166,0.061,NA,NA,0.605,0.965,0.583,0.764,0.583,5.237,1
"2","congruantTrialType","congruantTrialType",1,0.048,0.048,NA,NA,0.009,0.295,0.009,0.047,0.009,0.646,0.997
"3","switchTrialType","switchTrialType",1,0.35,0.35,NA,NA,0.067,0.752,0.066,0.27,0.067,1.742,1
"4","Participant:posture","posture",1,0.007,0.007,0.628,0.432,0.001,0.058,0.001,0.005,0.001,0.247,0.43
"5","Participant:posture","Residuals",52,0.585,0.011,NA,NA,0.112,0.835,0.09,0.333,0.09,2.251,1
"6","Participant:congruantTrialType","Residuals",52,0.185,0.004,NA,NA,0.035,0.616,0.013,0.069,0.013,1.267,1
"7","Participant:switchTrialType","Residuals",52,0.213,0.004,NA,NA,0.041,0.648,0.019,0.094,0.019,1.357,1
"8","congruantTrialType:switchTrialType","congruantTrialType:switchTrialType",1,0.169,0.169,NA,NA,0.032,0.595,0.032,0.151,0.032,1.211,1
"9","Participant:posture:congruantTrialType","posture:congruantTrialType",1,0.001,0.001,0.276,0.602,0,0.004,0,-0.002,0,0.067,0.077
"10","Participant:posture:congruantTrialType","Residuals",52,0.098,0.002,NA,NA,0.019,0.459,-0.003,-0.019,-0.003,0.921,0.986
"11","Participant:posture:switchTrialType","posture:switchTrialType",1,0.007,0.007,2.205,0.144,0.001,0.055,0.001,0.005,0.001,0.241,0.412
"12","Participant:posture:switchTrialType","Residuals",52,0.158,0.003,NA,NA,0.03,0.578,0.008,0.043,0.008,1.17,1
"13","Participant:congruantTrialType:switchTrialType","Residuals",52,0.131,0.003,NA,NA,0.025,0.531,0.003,0.016,0.003,1.064,0.999
"14","Participant:posture:congruantTrialType:switchTrialType","posture:congruantTrialType:switchTrialType",1,0,0,0.058,0.81,0,0.001,0,-0.002,0,0.033,0.057
"15","Participant:posture:congruantTrialType:switchTrialType","Residuals",52,0.115,0.002,NA,NA,NA,NA,NA,NA,NA,NA,NA
